{
  "SimReadGroup1": {
    "readGroup": "SimReadGroup1",
    "recal": {
      "intercept": -5.205957335875884,
      "quality": {
        "empiric": [
          [
            12,
            3.054677687038569
          ],
          [
            22,
            0.76563331777466
          ],
          [
            27,
            0.13662515893004978
          ],
          [
            32,
            -0.25512314921483403
          ],
          [
            37,
            -1.4884798966613113
          ],
          [
            41,
            -2.2133331178671334
          ]
        ]
      },
      "position": {
        "empiric": [
          [
            0,
            0.012489871050741246
          ],
          [
            1,
            -1.1008134315960072
          ],
          [
            2,
            -0.8563198489127409
          ],
          [
            3,
            -0.8656662853935435
          ],
          [
            4,
            -0.5361080682831287
          ],
          [
            5,
            -0.43925517015932186
          ],
          [
            6,
            0.08277044361967541
          ],
          [
            7,
            0.5973287081612018
          ],
          [
            8,
            -0.02347308952396613
          ],
          [
            9,
            -0.3608550570178733
          ],
          [
            10,
            -0.5044390109990042
          ],
          [
            11,
            -0.5098575756016365
          ],
          [
            12,
            -0.4654936512752391
          ],
          [
            13,
            0.26564625090857424
          ],
          [
            14,
            -0.5198872454067412
          ],
          [
            15,
            -0.495569123783969
          ],
          [
            16,
            -0.12725088333984677
          ],
          [
            17,
            0.12419717222762838
          ],
          [
            18,
            -0.13085487429146425
          ],
          [
            19,
            -0.40403177029859144
          ],
          [
            20,
            -0.44537925754240104
          ],
          [
            21,
            0.06655211487635758
          ],
          [
            22,
            -0.4265548117694164
          ],
          [
            23,
            -0.43998851695276725
          ],
          [
            24,
            -0.39851512521065746
          ],
          [
            25,
            0.25114196503217834
          ],
          [
            26,
            -0.4315210215244397
          ],
          [
            27,
            0.07446172867218406
          ],
          [
            28,
            0.7329255411587086
          ],
          [
            29,
            -0.1302584465017122
          ],
          [
            30,
            -0.11285931401811125
          ],
          [
            31,
            -0.18174385474224503
          ],
          [
            32,
            -0.18502401512310157
          ],
          [
            33,
            -0.23570937796963898
          ],
          [
            34,
            0.003142266803459194
          ],
          [
            35,
            0.18530864022021462
          ],
          [
            36,
            -0.12558783104371377
          ],
          [
            37,
            -0.19444246877556312
          ],
          [
            38,
            -0.2466611227157078
          ],
          [
            39,
            0.025604910050279258
          ],
          [
            40,
            -0.025306441422599496
          ],
          [
            41,
            -0.025054261557403985
          ],
          [
            42,
            0.30561402281792066
          ],
          [
            43,
            0.4526231126852794
          ],
          [
            44,
            0.43527342317061846
          ],
          [
            45,
            0.12350711328889166
          ],
          [
            46,
            -0.03637626944627631
          ],
          [
            47,
            -0.032125974755945086
          ],
          [
            48,
            -0.06829619194538446
          ],
          [
            49,
            -0.03885991564433103
          ],
          [
            50,
            -0.044090823652048056
          ],
          [
            51,
            0.18329324602844557
          ],
          [
            52,
            -0.2610775331924451
          ],
          [
            53,
            0.408042257136433
          ],
          [
            54,
            -0.21113719021922753
          ],
          [
            55,
            -0.30563214995504256
          ],
          [
            56,
            0.22864286027850508
          ],
          [
            57,
            0.024381802685437097
          ],
          [
            58,
            0.18155768784640525
          ],
          [
            59,
            -0.2678290552568111
          ],
          [
            60,
            -0.11383231721753727
          ],
          [
            61,
            -0.17033533027536657
          ],
          [
            62,
            0.2847733028399672
          ],
          [
            63,
            -0.11605450802922503
          ],
          [
            64,
            -0.053242191052395325
          ],
          [
            65,
            0.29592609654908114
          ],
          [
            66,
            -0.25196990712832484
          ],
          [
            67,
            -0.0858327033233395
          ],
          [
            68,
            0.44153921326289947
          ],
          [
            69,
            -0.17732217849826842
          ],
          [
            70,
            0.4643479407183885
          ],
          [
            71,
            -0.2927088673557513
          ],
          [
            72,
            0.31701756036697515
          ],
          [
            73,
            0.06635990270613049
          ],
          [
            74,
            0.4970191787900911
          ],
          [
            75,
            0.5813365118285696
          ],
          [
            76,
            -0.15536804708768245
          ],
          [
            77,
            0.6116377132933527
          ],
          [
            78,
            0.29137617619936845
          ],
          [
            79,
            0.07640431581880189
          ],
          [
            80,
            0.38629923954612155
          ],
          [
            81,
            0.4662837321888902
          ],
          [
            82,
            -0.19643816088509589
          ],
          [
            83,
            0.2564004791238801
          ],
          [
            84,
            0.6283037259660451
          ],
          [
            85,
            0.19841778228488535
          ],
          [
            86,
            0.09314799550642584
          ],
          [
            87,
            -0.45325742173930245
          ],
          [
            88,
            1.5078791698912055
          ],
          [
            89,
            0.3840261882228232
          ],
          [
            90,
            -0.3948853646390253
          ],
          [
            91,
            0.17415314805207835
          ],
          [
            92,
            0.041467585227866303
          ],
          [
            93,
            -0.024724040837813932
          ],
          [
            94,
            -0.1327826193668602
          ],
          [
            95,
            -0.16792441843240224
          ],
          [
            96,
            -0.30357806700749185
          ],
          [
            97,
            -0.18620225628561377
          ],
          [
            98,
            0.5846290971696922
          ],
          [
            99,
            0.9692438846251682
          ],
          [
            100,
