{
  "SimReadGroup1": {
    "readGroup": "SimReadGroup1",
    "recal": {
      "intercept": -18.67488928451941,
      "quality": {
        "empiric": [
          [
            11,
            2.1184855170463814
          ],
          [
            25,
            -0.879198312878729
          ],
          [
            37,
            -1.2392872041676526
          ]
        ]
      },
      "position": {
        "empiric": [
          [
            0,
            55.474017833546185
          ],
          [
            1,
            3.093701327699796
          ],
          [
            2,
            2.862113045868971
          ],
          [
            3,
            2.779240398905303
          ],
          [
            4,
            2.795820546551871
          ],
          [
            5,
            3.0698306374270485
          ],
          [
            6,
            3.0416952353531057
          ],
          [
            7,
            3.0676218711590155
          ],
          [
            8,
            3.0169942034330846
          ],
          [
            9,
            2.9407905039778135
          ],
          [
            10,
            3.0189407133563537
          ],
          [
            11,
            2.890508092176314
          ],
          [
            12,
            2.7729839348363816
          ],
          [
            13,
            2.6873156185777636
          ],
          [
            14,
            2.5104676261793233
          ],
          [
            15,
            2.3416168442705403
          ],
          [
            16,
            2.2351091197265
          ],
          [
            17,
            2.2035307338134
          ],
          [
            18,
            2.1629811362460565
          ],
          [
            19,
            3.0133420760373903
          ],
          [
            20,
            3.135552887781584
          ],
          [
            21,
            3.0960480067331906
          ],
          [
            22,
            3.1459091142873676
          ],
          [
            23,
            3.254346811723098
          ],
          [
            24,
            3.141522278684092
          ],
          [
            25,
            3.2566220950358327
          ],
          [
            26,
            3.186314995141289
          ],
          [
            27,
            3.1876538003950166
          ],
          [
            28,
            3.217011866360858
          ],
          [
            29,
            3.324334815271059
          ],
          [
            30,
            3.3137801721548374
          ],
          [
            31,
            3.3050721779995538
          ],
          [
            32,
            3.26554559791077
          ],
          [
            33,
            3.304462329507378
          ],
          [
            34,
            3.231943034389386
          ],
          [
            35,
            3.2701649538811908
          ],
          [
            36,
            3.275911012764577
          ],
          [
            37,
            3.201472052179968
          ],
          [
            38,
            3.256844560539916
          ],
          [
            39,
            3.2991438127478663
          ],
          [
            40,
            3.234512608518612
          ],
          [
            41,
            3.242538596803896
          ],
          [
            42,
            3.281862482869354
          ],
          [
            43,
            3.2723267286656936
          ],
          [
            44,
            3.187737765650487
          ],
          [
            45,
            3.580707863205555
          ],
          [
            46,
            3.2114915142306635
          ],
          [
            47,
            3.328778105920125
          ],
          [
            48,
            3.2916556644506927
          ],
          [
            49,
            3.537357716016578
          ],
          [
            50,
            3.578772065534382
          ],
          [
            51,
            3.656381362288735
          ],
          [
            52,
            3.406592857793615
          ],
          [
            53,
            3.356867640340342
          ],
          [
            54,
            3.5301743068697764
          ],
          [
            55,
            3.3503350223016093
          ],
          [
            56,
            3.4263042340307215
          ],
          [
            57,
            3.742610754076425
          ],
          [
            58,
            3.3951113095212455
          ],
          [
            59,
            2.9019399333273235
          ],
          [
            60,
            3.5578441624596135
          ],
          [
            61,
            3.4686664566280223
          ],
          [
            62,
            3.3849984434509275
          ],
          [
            63,
            3.443885167135497
          ],
          [
            64,
            3.3635618061305337
          ],
          [
            65,
            4.02573965939434
          ],
          [
            66,
            3.821788249717114
          ],
          [
            67,
            4.39424750872037
          ],
          [
            68,
            -54.2860004958952
          ],
          [
            69,
            -16.861672802535168
          ],
          [
            70,
            -15.892702828340243
          ],
          [
            71,
            -15.464772744958854
          ],
          [
            72,
            -13.592269425443039
          ],
          [
            73,
            -14.15076340220395
          ],
          [
            74,
            6.3734667301684835
          ],
          [
            75,
            -12.654182194947088
          ],
          [
            76,
            -13.956914867536163
          ],
          [
            77,
            -13.462269742262935
          ],
          [
            78,
            -11.466129140250962
          ],
          [
            79,
            -11.859275018602368
          ],
          [
            80,
            7.0363589776554685
          ],
          [
            81,
            -11.933573639864946
          ],
          [
            82,
            -11.948645455439635
          ],
          [
            83,
            -11.889946390908447
          ],
          [
            84,
            -10.921639355654174
          ],
          [
            85,
            -10.889987857956497
          ],
          [
            86,
            -10.495899216314777
          ],
          [
            87,
            -10.495935876129305
          ],
          [
            88,
            -10.810313113263566
          ]
        ]
      },
      "context": {
        "empiric": [
          [
            0,
            10.33858499013135
          ],
          [
            1,
            10.460924604360258
          ],
          [
            2,
            10.432595053755525
          ],
          [
            3,
            10.311937846198184
          ],
          [
            4,
            -41.544042494445314
          ]
        ]
      },